City_ID,City,Lat,Lng,Max Temp,Humidity,Cloudiness,Wind Speed,Country,Date
0,ushuaia,-54.8,-68.3,284.96,284.96,0,1.54,AR,1675532014
1,leningradskiy,69.3833,178.4167,240.35,240.35,99,2.05,RU,1675532284
2,palu,-0.8917,119.8707,297.12,297.12,99,1.14,ID,1675532290
3,puerto ayora,-0.7393,-90.3518,303.13,303.13,29,3.13,EC,1675532292
4,serafimovich,49.5786,42.736,270.08,270.08,100,4.01,RU,1675532294
5,atuona,-9.8,-139.0333,298.97,298.97,1,8.48,PF,1675532116
6,tezpur,26.6333,92.8,289.98,289.98,1,0.5,IN,1675532303
7,launceston,-41.45,147.1667,284.95,284.95,41,2.06,AU,1675532304
8,vaini,-21.2,-175.2,299.24,299.24,40,2.57,TO,1675532183
9,tabou,4.423,-7.3528,301.18,301.18,29,4.85,CI,1675532314
10,hovd,48.0056,91.6419,258.18,258.18,9,0.86,MN,1675532314
11,tuatapere,-46.1333,167.6833,291.75,291.75,100,2.83,NZ,1675532250
12,quatre cocos,-20.2078,57.7625,299.87,299.87,93,4.98,MU,1675532315
13,new norfolk,-42.7826,147.0587,286.99,286.99,82,0.89,AU,1675532241
14,punta arenas,-53.15,-70.9167,283.21,283.21,100,4.12,CL,1675532115
15,arlit,18.7369,7.3853,300.05,300.05,41,4.78,NE,1675532315
16,arraial do cabo,-22.9661,-42.0278,308.13,308.13,0,6.17,BR,1675532316
17,mwense,-10.3845,28.698,293.08,293.08,52,1.22,ZM,1675532076
18,bethel,41.3712,-73.414,264.27,264.27,0,2.06,US,1675532235
19,dikson,73.5069,80.5464,256.18,256.18,100,1.28,RU,1675532294
20,falam,22.9167,93.6833,282.07,282.07,81,2.03,MM,1675532316
21,ilhabela,-23.7781,-45.3581,303.74,303.74,97,0.74,BR,1675532317
22,barrow,71.2906,-156.7887,243.16,243.16,40,4.12,US,1675532317
23,mananjary,-21.2167,48.3333,297.21,297.21,74,2.98,MG,1675532317
24,bayonet point,28.3267,-82.6834,296.13,296.13,0,0.89,US,1675532318
25,dongsheng,39.8161,109.9776,267.58,267.58,36,3.6,CN,1675532318
26,mar del plata,-38.0023,-57.5575,298.05,298.05,0,6.26,AR,1675532106
27,rikitea,-23.1203,-134.9692,298.95,298.95,4,8.12,PF,1675532286
28,kulhudhuffushi,6.6221,73.07,300.06,300.06,97,2.01,MV,1675532319
29,na wa,17.4897,104.1006,296.42,296.42,62,1.44,TH,1675532319
30,inuvik,68.3499,-133.7218,238.63,238.63,20,2.57,CA,1675532319
31,port hawkesbury,45.6169,-61.3485,252.92,252.92,100,3.58,CA,1675532128
32,port alfred,-33.5906,26.891,297.69,297.69,34,4.02,ZA,1675532283
33,hermanus,-34.4187,19.2345,298.6,298.6,36,2.65,ZA,1675532320
34,luanda,-8.8368,13.2343,302.15,302.15,40,5.14,AO,1675532315
35,kapaa,22.0752,-159.319,296.33,296.33,100,3.6,US,1675532112
36,katsuura,35.1333,140.3,279.71,279.71,0,5.22,JP,1675532321
37,esperance,-33.8667,121.9,291.46,291.46,0,7.7,AU,1675532321
38,aykino,62.2248,49.9922,253.9,253.9,87,0.83,RU,1675532311
39,batsfjord,70.6345,29.7185,266.03,266.03,100,1.54,NO,1675532322
40,daru,-9.0763,143.2092,297.52,297.52,100,4.86,PG,1675532322
41,mataura,-46.1927,168.8643,292.94,292.94,98,2.08,NZ,1675532130
42,nyimba,-14.5566,30.8149,295.45,295.45,89,0.73,ZM,1675532323
43,ciudad bolivar,8.1222,-63.5497,306.09,306.09,88,4.71,VE,1675532299
44,luderitz,-26.6481,15.1594,291.87,291.87,19,8.67,NA,1675532323
45,severo-kurilsk,50.6789,156.125,269.74,269.74,100,3.35,RU,1675532324
46,kavieng,-2.5744,150.7967,300.31,300.31,97,3.39,PG,1675532324
47,chokurdakh,70.6333,147.9167,239.35,239.35,37,3.77,RU,1675532324
48,porto novo,6.4965,2.6036,303.05,303.05,88,5.06,BJ,1675532325
49,makakilo city,21.3469,-158.0858,295.2,295.2,0,1.54,US,1675532325
50,georgetown,5.4112,100.3354,299.12,299.12,20,0.0,MY,1675532062
51,muros,42.7762,-9.0603,284.83,284.83,0,4.19,ES,1675532326
52,torbay,47.6666,-52.7314,261.7,261.7,100,15.95,CA,1675532138
53,butaritari,3.0707,172.7902,300.6,300.6,80,8.83,KI,1675532326
54,tasiilaq,65.6145,-37.6368,269.24,269.24,95,4.62,GL,1675532219
55,harrisonville,38.6533,-94.3488,282.82,282.82,0,9.77,US,1675532326
56,kaitangata,-46.2817,169.8464,292.74,292.74,84,2.38,NZ,1675532327
57,east london,-33.0153,27.9116,298.67,298.67,0,6.69,ZA,1675532194
58,dali,25.7,100.1833,280.1,280.1,48,2.54,CN,1675532327
59,dakar,14.6937,-17.4441,303.64,303.64,80,7.26,SN,1675532328
60,hithadhoo,-0.6,73.0833,300.75,300.75,68,7.39,MV,1675532328
61,bambous virieux,-20.3428,57.7575,299.94,299.94,40,3.09,MU,1675532328
62,lagoa,39.05,-27.9833,288.34,288.34,6,6.93,PT,1675532185
63,anloga,5.7947,0.8973,301.08,301.08,49,7.0,GH,1675532329
64,alexandria,31.2156,29.9553,287.45,287.45,43,3.57,EG,1675532329
65,orcopampa,-15.2661,-72.3417,286.4,286.4,100,3.01,PE,1675532330
66,albany,42.6001,-73.9662,261.3,261.3,40,0.89,US,1675532183
67,jacareacanga,-6.2222,-57.7528,301.36,301.36,91,0.7,BR,1675532330
68,sitka,57.0531,-135.33,274.09,274.09,100,1.54,US,1675532330
69,kendrapara,20.5042,86.416,290.67,290.67,24,2.62,IN,1675532331
70,hobart,-42.8794,147.3294,287.18,287.18,100,5.14,AU,1675532250
71,kodiak,57.79,-152.4072,265.88,265.88,0,3.09,US,1675532254
72,bluff,-46.6,168.3333,290.59,290.59,98,3.92,NZ,1675532163
73,saint-leu,-21.15,55.2833,299.63,299.63,81,3.13,RE,1675532331
74,saskylakh,71.9167,114.0833,229.17,229.17,58,0.91,RU,1675532332
75,black river,18.0264,-77.8487,301.46,301.46,13,4.73,JM,1675532332
76,tilichiki,60.4667,166.1,245.67,245.67,48,3.94,RU,1675532332
77,bredasdorp,-34.5322,20.0403,295.84,295.84,1,1.42,ZA,1675532186
78,qaanaaq,77.484,-69.3632,254.55,254.55,90,3.24,GL,1675532153
79,byron bay,-28.65,153.6167,297.01,297.01,99,3.82,AU,1675532333
80,port elizabeth,-33.918,25.5701,296.66,296.66,20,7.72,ZA,1675532151
81,kabarnet,0.4919,35.743,290.33,290.33,97,2.5,KE,1675532333
82,ponazyrevo,58.3578,46.3142,263.57,263.57,98,1.3,RU,1675532333
83,erzurum,40.0,41.5,262.97,262.97,100,1.5,TR,1675532334
84,geraldton,-28.7667,114.6,296.38,296.38,100,4.12,AU,1675532334
85,talnakh,69.4865,88.3972,258.68,258.68,100,2.73,RU,1675532202
86,adrar,20.5022,-10.0711,293.17,293.17,94,4.82,MR,1675532335
87,kulunda,52.566,78.9385,250.22,250.22,86,1.61,RU,1675532335
88,victoria,22.2855,114.1577,291.18,291.18,100,3.58,HK,1675532189
89,senneterre,48.3835,-77.2328,255.17,255.17,100,4.92,CA,1675532335
90,hilo,19.7297,-155.09,294.6,294.6,75,2.68,US,1675532309
91,biak,-0.9131,122.8766,297.57,297.57,98,1.7,ID,1675532314
92,broome,42.2506,-75.833,262.64,262.64,92,3.62,US,1675532336
93,avarua,-21.2078,-159.775,300.18,300.18,40,5.66,CK,1675532336
94,clyde river,70.4692,-68.5914,242.28,242.28,75,3.09,CA,1675532051
95,busselton,-33.65,115.3333,297.24,297.24,89,3.9,AU,1675532114
96,coquimbo,-29.9533,-71.3436,293.0,293.0,75,4.12,CL,1675532336
97,carangola,-20.7331,-42.0294,304.1,304.1,10,2.57,BR,1675532337
98,ban nahin,18.2418,104.2122,295.19,295.19,56,1.52,LA,1675532337
99,port lincoln,-34.7333,135.8667,288.05,288.05,3,1.76,AU,1675532263
100,tuktoyaktuk,69.4541,-133.0374,231.15,231.15,0,1.03,CA,1675532207
101,bainbridge,47.6262,-122.5212,282.75,282.75,100,2.06,US,1675532338
102,tucuma,-0.1833,-50.05,298.21,298.21,80,1.98,BR,1675532338
103,sabang,5.8933,95.3214,299.51,299.51,82,0.8,ID,1675532338
104,codrington,-38.2667,141.9667,287.69,287.69,99,3.47,AU,1675532249
105,seoul,37.5683,126.9778,269.84,269.84,0,2.06,KR,1675532339
106,santa marta,11.2408,-74.199,307.18,307.18,20,4.12,CO,1675532339
107,ugoofaaru,5.6667,73.0,300.22,300.22,100,1.88,MV,1675532295
108,maragogi,-9.0122,-35.2225,301.53,301.53,72,4.41,BR,1675532339
109,celestun,20.8667,-90.4,298.8,298.8,30,7.22,MX,1675532340
110,agirish,61.9247,63.0231,260.31,260.31,100,1.49,RU,1675532340
111,ancud,-41.8697,-73.8203,294.43,294.43,23,2.83,CL,1675532152
112,saint-philippe,-21.3585,55.7679,299.92,299.92,72,5.35,RE,1675532186
113,belogorsk,50.9158,128.4611,252.45,252.45,100,1.94,RU,1675532341
114,cabra,37.4725,-4.4421,283.16,283.16,0,0.43,ES,1675532341
115,savannah bight,16.45,-85.85,298.71,298.71,59,2.39,HN,1675532341
116,lompoc,34.6391,-120.4579,289.14,289.14,0,3.09,US,1675532343
117,ust-tsilma,65.441,52.1498,259.75,259.75,98,1.21,RU,1675532345
118,alice springs,-23.7,133.8833,286.9,286.9,1,0.0,AU,1675532284
119,fortuna,40.5982,-124.1573,285.36,285.36,0,7.2,US,1675532352
120,viedma,-40.8135,-62.9967,308.52,308.52,0,5.3,AR,1675532354
121,nanortalik,60.1432,-45.2371,271.02,271.02,100,15.04,GL,1675532250
122,denpasar,-8.65,115.2167,299.96,299.96,40,2.06,ID,1675532360
123,carnarvon,-24.8667,113.6333,298.72,298.72,3,2.48,AU,1675532363
124,jamestown,42.097,-79.2353,266.22,266.22,98,3.58,US,1675532331
125,kiruna,67.8557,20.2251,263.66,263.66,0,4.12,SE,1675532373
126,adre,13.4667,22.2,298.18,298.18,85,4.12,TD,1675532374
127,sisimiut,66.9395,-53.6735,252.99,252.99,99,3.47,GL,1675532374
128,kavaratti,10.5669,72.642,300.5,300.5,48,3.43,IN,1675532216
129,northam,51.0333,-4.2167,282.81,282.81,100,3.28,GB,1675532375
130,souillac,-20.5167,57.5167,299.36,299.36,40,3.09,MU,1675532149
131,klaksvik,62.2266,-6.589,277.66,277.66,58,13.22,FO,1675532375
132,lebu,-37.6167,-73.65,292.74,292.74,34,5.72,CL,1675532169
133,stornoway,58.2093,-6.3865,277.55,277.55,40,6.69,GB,1675532376
134,grindavik,63.8424,-22.4338,274.41,274.41,40,11.83,IS,1675532316
135,thompson,55.7435,-97.8558,249.24,249.24,75,2.06,CA,1675532272
136,koundara,12.4833,-13.3,310.25,310.25,11,2.54,GN,1675532376
137,nikolskoye,59.7035,30.7861,271.09,271.09,100,4.01,RU,1675532214
138,krasnoselkup,65.7,82.4667,258.31,258.31,91,3.48,RU,1675532377
139,cabedelo,-6.9811,-34.8339,303.52,303.52,88,5.9,BR,1675532276
140,bengkulu,-3.8004,102.2655,296.97,296.97,85,1.96,ID,1675532377
141,dargaville,-35.9333,173.8833,289.93,289.93,80,2.02,NZ,1675532377
142,rio gallegos,-51.6226,-69.2181,288.18,288.18,100,5.14,AR,1675532378
143,vestmannaeyjar,63.4427,-20.2734,275.7,275.7,75,15.43,IS,1675532378
144,bay roberts,47.5999,-53.2648,262.78,262.78,100,6.26,CA,1675532378
145,cape town,-33.9258,18.4232,298.08,298.08,0,5.66,ZA,1675532129
146,lasa,46.6166,10.7002,277.64,277.64,30,4.27,IT,1675532379
147,saint-augustin,51.226,-58.6502,259.23,259.23,100,12.81,CA,1675532379
148,inhambane,-23.865,35.3833,297.99,297.99,28,3.87,MZ,1675532379
149,yellowknife,62.456,-114.3525,244.44,244.44,75,2.57,CA,1675532380
150,aquiraz,-3.9014,-38.3911,304.2,304.2,60,5.42,BR,1675532151
151,mishan,45.55,131.8833,256.54,256.54,91,1.45,CN,1675532380
152,pinsk,52.1229,26.0951,269.56,269.56,98,5.12,BY,1675532381
153,zhangye,38.9342,100.4517,269.97,269.97,34,1.69,CN,1675532301
154,ankazoabo,-22.2833,44.5167,297.76,297.76,98,2.03,MG,1675532381
155,yichun,47.7,128.9,256.63,256.63,100,0.77,CN,1675532381
156,rincon,32.296,-81.2354,284.77,284.77,0,5.14,US,1675532189
157,chernyakhiv,50.4565,28.6702,267.81,267.81,100,4.14,UA,1675532382
158,novyy svit,47.8059,38.0211,272.5,272.5,98,1.62,UA,1675532382
159,berbera,10.4396,45.0143,296.79,296.79,45,1.81,SO,1675532383
160,benicarlo,40.4165,0.4271,284.98,284.98,0,1.19,ES,1675532383
161,khandyga,62.6667,135.6,230.48,230.48,88,0.75,RU,1675532383
162,matadi,-5.8167,13.45,298.36,298.36,82,3.55,CD,1675532384
163,pangnirtung,66.1451,-65.7125,236.15,236.15,0,1.03,CA,1675532384
164,kahului,20.8947,-156.47,296.95,296.95,40,8.75,US,1675532384
165,agno,45.9833,8.85,287.76,287.76,20,5.14,CH,1675532385
166,dunedin,-45.8742,170.5036,293.04,293.04,91,3.13,NZ,1675532382
167,haines junction,60.7522,-137.5108,261.12,261.12,100,0.0,CA,1675532356
168,port keats,-14.25,129.55,299.54,299.54,63,1.45,AU,1675532385
169,mogwase,-25.185,27.2665,296.64,296.64,67,3.03,ZA,1675532386
170,manokwari,-0.8667,134.0833,298.02,298.02,100,1.86,ID,1675532386
171,bubaque,11.2833,-15.8333,298.65,298.65,30,5.32,GW,1675532386
172,piacabucu,-10.4056,-36.4344,302.81,302.81,10,5.36,BR,1675532387
173,campbell river,50.0163,-125.2446,280.89,280.89,100,5.14,CA,1675532387
174,pampierstad,-27.7832,24.6877,301.52,301.52,70,4.21,ZA,1675532387
175,aklavik,68.2191,-135.0107,231.15,231.15,20,1.03,CA,1675532214
176,soure,-0.7167,-48.5233,300.33,300.33,100,3.75,BR,1675532388
177,jerico,5.7921,-75.786,296.27,296.27,85,1.18,CO,1675532288
178,griffith,41.5284,-87.4237,274.99,274.99,0,8.75,US,1675532388
179,san policarpo,12.1791,125.5072,299.04,299.04,78,6.76,PH,1675532388
180,parfenyevo,58.484,43.4088,267.84,267.84,99,1.66,RU,1675532389
181,airai,-8.9266,125.4092,288.88,288.88,100,0.99,TL,1675532205
182,urumqi,43.801,87.6005,264.68,264.68,100,1.0,CN,1675532389
183,la ronge,55.1001,-105.2842,259.29,259.29,100,0.0,CA,1675532389
184,constitucion,-35.3333,-72.4167,293.65,293.65,51,4.0,CL,1675532390
185,los llanos de aridane,28.6585,-17.9182,289.01,289.01,40,4.12,ES,1675532390
186,chuy,-33.6971,-53.4616,297.53,297.53,46,7.66,UY,1675532293
187,castro,-24.7911,-50.0119,296.68,296.68,92,5.02,BR,1675532390
188,varhaug,58.6147,5.6457,276.98,276.98,100,11.67,NO,1675532391
189,iqaluit,63.7506,-68.5145,238.0,238.0,20,7.2,CA,1675532254
190,jos,9.9167,8.9,297.63,297.63,78,2.45,NG,1675532391
191,kuytun,54.3419,101.5036,254.99,254.99,100,1.15,RU,1675532392
192,riyadh,24.6877,46.7219,289.23,289.23,0,5.58,SA,1675532375
193,guanica,17.9716,-66.908,299.65,299.65,28,8.07,PR,1675532392
194,puerto madero,14.7208,-92.4215,304.26,304.26,20,0.0,MX,1675532393
195,goderich,43.7501,-81.7165,266.99,266.99,82,11.32,CA,1675532210
196,gus-zheleznyy,55.0581,41.1656,271.1,271.1,100,1.8,RU,1675532393
197,xai-xai,-25.0519,33.6442,297.73,297.73,19,5.53,MZ,1675532393
198,vanimo,-2.6741,141.3028,298.21,298.21,100,0.98,PG,1675532394
199,orapa,-21.2833,25.3667,300.2,300.2,99,4.89,BW,1675532394
200,hambantota,6.1241,81.1185,297.96,297.96,28,5.67,LK,1675532394
201,beloha,-25.1667,45.05,296.74,296.74,88,7.29,MG,1675532395
202,erzin,36.9559,36.2,279.8,279.8,97,1.91,TR,1675532395
203,montijo,38.7067,-8.9739,292.83,292.83,0,2.57,PT,1675532395
204,dalby,-27.1833,151.2667,291.93,291.93,85,3.36,AU,1675532396
205,hofn,64.2539,-15.2082,273.73,273.73,16,7.24,IS,1675532396
206,mahebourg,-20.4081,57.7,299.96,299.96,40,3.09,MU,1675532396
207,lensk,60.7253,114.9278,251.23,251.23,100,0.67,RU,1675532397
208,raton,36.9034,-104.4391,277.34,277.34,0,1.54,US,1675532397
209,gasa,31.5,34.4667,285.86,285.86,33,4.1,PS,1675532397
210,saint george,37.1041,-113.5841,282.83,282.83,0,0.89,US,1675532130
211,hami,42.8,93.45,272.01,272.01,100,1.15,CN,1675532154
212,challans,46.8436,-1.8749,282.66,282.66,82,4.9,FR,1675532154
213,middelburg,-25.7751,29.4648,290.62,290.62,39,4.33,ZA,1675532223
214,puerto lopez,4.0845,-72.956,308.97,308.97,22,4.08,CO,1675532398
215,kloulklubed,7.0419,134.2556,298.43,298.43,51,7.66,PW,1675532399
216,mildura,-34.2,142.15,286.52,286.52,0,4.05,AU,1675532399
217,cravo norte,6.3017,-70.2041,308.23,308.23,31,4.82,CO,1675532399
218,henties bay,-22.116,14.2845,291.57,291.57,100,3.45,NA,1675532400
219,salalah,17.0151,54.0924,297.2,297.2,75,1.54,OM,1675532302
220,ambilobe,-13.2,49.05,297.3,297.3,68,0.72,MG,1675532330
221,cherskiy,68.75,161.3,235.64,235.64,94,2.02,RU,1675532218
222,nouadhibou,20.931,-17.0347,297.14,297.14,64,6.69,MR,1675532210
223,sangerhausen,51.4667,11.3,275.12,275.12,80,1.82,DE,1675532400
224,sadiqabad,28.3062,70.1307,294.08,294.08,0,1.88,PK,1675532401
225,ballina,-28.8667,153.5667,297.05,297.05,97,3.76,AU,1675532336
226,matara,5.9485,80.5353,297.32,297.32,36,1.77,LK,1675532243
227,norman wells,65.282,-126.8329,245.17,245.17,75,0.0,CA,1675532299
228,karpogory,64.0019,44.4451,261.45,261.45,100,1.01,RU,1675532404
229,tevaitoa,-16.7833,-151.5,300.6,300.6,88,7.44,PF,1675532407
230,ilulissat,69.2167,-51.1,255.16,255.16,100,1.03,GL,1675532411
231,te anau,-45.4167,167.7167,291.56,291.56,100,1.89,NZ,1675532276
232,anadyr,64.75,177.4833,243.43,243.43,0,3.0,RU,1675532416
233,muzhi,65.3667,64.6667,257.75,257.75,90,2.59,RU,1675532433
234,nizhniy baskunchak,48.2198,46.8311,269.0,269.0,27,2.57,RU,1675532434
235,namibe,-15.1961,12.1522,295.51,295.51,95,4.84,AO,1675532284
236,qaqortoq,60.7167,-46.0333,271.57,271.57,100,9.12,GL,1675532435
237,coihaique,-45.5752,-72.0662,302.12,302.12,0,3.09,CL,1675532204
238,aswan,24.0934,32.907,291.76,291.76,0,4.12,EG,1675532435
239,fort wayne,41.1306,-85.1289,273.74,273.74,20,7.72,US,1675532337
240,upernavik,72.7868,-56.1549,251.79,251.79,100,4.23,GL,1675532436
241,saquarema,-22.92,-42.5103,308.23,308.23,70,3.57,BR,1675532436
242,port hardy,50.6996,-127.4199,280.25,280.25,75,11.32,CA,1675532166
243,corrente,-3.7367,-43.3394,304.7,304.7,88,2.51,BR,1675532437
244,te karaka,-38.4654,177.8679,290.56,290.56,26,1.21,NZ,1675532437
245,cururupu,-1.8283,-44.8683,299.96,299.96,74,3.22,BR,1675532141
246,sakakah,29.9697,40.2064,285.91,285.91,27,3.1,SA,1675532438
247,yaroslavskaya,44.6106,40.4642,274.95,274.95,100,2.12,RU,1675532438
248,poum,-20.2333,164.0167,300.48,300.48,89,3.74,NC,1675532228
249,ixtapa,20.7,-105.2,297.72,297.72,20,0.0,MX,1675532439
250,komsomolskiy,40.4272,71.7189,278.55,278.55,89,3.09,UZ,1675532154
251,diego de almagro,-26.3667,-70.05,301.09,301.09,7,7.45,CL,1675532439
252,skjervoy,70.0311,20.9714,268.15,268.15,98,6.1,NO,1675532439
253,berlevag,70.8578,29.0864,267.15,267.15,75,3.6,NO,1675532371
254,santiago de cao,-7.9589,-79.2392,296.22,296.22,75,4.12,PE,1675532440
255,cidreira,-30.1811,-50.2056,299.42,299.42,26,5.97,BR,1675532440
256,shimoda,34.6667,138.95,280.45,280.45,0,2.86,JP,1675532441
257,mattru,7.6244,-11.8332,304.69,304.69,12,4.14,SL,1675532441
258,roma,43.2128,-75.4557,259.64,259.64,75,2.06,US,1675532441
259,sechura,-5.5569,-80.8222,302.8,302.8,96,4.96,PE,1675532442
260,bam,29.106,58.357,287.24,287.24,0,1.66,IR,1675532442
261,cockburn town,21.4612,-71.1419,298.37,298.37,2,7.27,TC,1675532442
262,saint-pierre,-21.3393,55.4781,299.97,299.97,0,3.09,RE,1675532443
263,omboue,-1.5746,9.2618,299.56,299.56,97,3.57,GA,1675532443
264,arth,47.0634,8.5235,280.11,280.11,100,1.54,CH,1675532444
265,tinaquillo,9.9186,-68.3047,303.88,303.88,45,3.21,VE,1675532444
266,sumenep,-7.0167,113.8667,297.96,297.96,100,3.13,ID,1675532444
267,benguela,-12.5763,13.4055,298.76,298.76,95,3.52,AO,1675532445
268,bauchi,10.5,10.0,300.66,300.66,35,3.08,NG,1675532445
269,rocha,-34.4833,-54.3333,296.34,296.34,25,8.69,UY,1675532445
270,bokoro,12.3807,17.0568,301.75,301.75,99,4.03,TD,1675532446
271,ntungamo,-0.8833,29.65,293.69,293.69,78,2.04,UG,1675532446
272,olafsvik,64.8945,-23.7142,275.52,275.52,96,14.36,IS,1675532446
273,nyurba,63.2842,118.3319,227.14,227.14,98,0.68,RU,1675532447
274,hasaki,35.7333,140.8333,276.05,276.05,1,7.3,JP,1675532291
275,portland,45.5234,-122.6762,282.47,282.47,100,4.12,US,1675532386
276,noumea,-22.2763,166.4572,302.59,302.59,74,4.71,NC,1675532447
277,kampong thum,12.7111,104.8887,298.89,298.89,100,3.54,KH,1675532447
278,vanavara,60.34,102.2797,257.55,257.55,98,1.38,RU,1675532448
279,khatanga,71.9667,102.5,234.72,234.72,61,2.17,RU,1675532318
280,kannur,11.8675,75.3576,298.2,298.2,34,1.35,IN,1675532448
281,tigzirt,36.8886,4.1198,284.52,284.52,0,4.12,DZ,1675532449
282,aasiaat,68.7098,-52.8699,250.74,250.74,100,2.86,GL,1675532449
283,parabel,58.6978,81.4825,255.28,255.28,96,1.74,RU,1675532449
284,san quintin,30.4833,-115.95,290.3,290.3,0,2.18,MX,1675532450
285,coahuayana,18.7333,-103.6833,305.14,305.14,0,2.67,MX,1675532450
286,ende,-8.8432,121.6623,298.24,298.24,100,1.79,ID,1675532450
287,elk river,45.3038,-93.5672,268.36,268.36,69,2.68,US,1675532315
288,zhigansk,66.7697,123.3711,231.62,231.62,48,5.34,RU,1675532451
289,tuy hoa,13.0833,109.3,296.25,296.25,100,1.08,VN,1675532451
290,ostersund,63.1792,14.6357,267.4,267.4,98,4.63,SE,1675532451
291,bilibino,68.0546,166.4372,237.04,237.04,52,2.33,RU,1675532452
292,talara,-4.5772,-81.2719,304.57,304.57,0,5.66,PE,1675532452
293,cayenne,4.9333,-52.3333,298.17,298.17,75,3.09,GF,1675532452
294,pindwara,24.8,73.0667,291.59,291.59,0,1.2,IN,1675532452
295,sao joao da barra,-21.6403,-41.0511,306.2,306.2,13,4.96,BR,1675532318
296,lata,40.1629,-8.3327,286.38,286.38,0,1.78,PT,1675532453
297,osoyoos,49.0331,-119.4524,274.57,274.57,100,0.51,CA,1675532453
298,mareeba,-17.0,145.4333,297.84,297.84,100,1.11,AU,1675532181
299,muriae,-21.1306,-42.3664,304.83,304.83,18,3.15,BR,1675532454
300,natal,-5.795,-35.2094,305.51,305.51,20,7.72,BR,1675532168
301,escarcega,18.6089,-90.7454,301.78,301.78,48,2.03,MX,1675532389
302,muscat,23.6139,58.5922,296.16,296.16,6,0.6,OM,1675532159
303,naliya,23.2667,68.8333,293.43,293.43,32,2.9,IN,1675532454
304,tiksi,71.6872,128.8694,247.32,247.32,100,1.6,RU,1675532455
305,vuktyl,63.8567,57.3094,259.31,259.31,95,1.2,RU,1675532455
306,juneau,58.3019,-134.4197,274.15,274.15,100,0.0,US,1675532455
307,kodinar,20.7903,70.7031,293.88,293.88,3,2.67,IN,1675532456
308,port macquarie,-31.4333,152.9167,289.2,289.2,0,2.34,AU,1675532456
309,derzhavinsk,51.1,66.3167,255.8,255.8,12,4.53,KZ,1675532456
310,salta,-24.7859,-65.4117,295.48,295.48,75,1.54,AR,1675532457
311,srednekolymsk,67.45,153.6833,239.07,239.07,100,1.71,RU,1675532457
312,vardo,70.3705,31.1107,263.14,263.14,100,5.14,NO,1675532424
313,faanui,-16.4833,-151.75,300.47,300.47,93,6.77,PF,1675532205
314,fairbanks,64.8378,-147.7164,260.13,260.13,100,3.09,US,1675532432
315,sao filipe,14.8961,-24.4956,296.19,296.19,85,6.54,CV,1675532290
316,oussouye,12.485,-16.5469,308.25,308.25,78,6.02,SN,1675532458
317,bansang,13.4333,-14.65,309.1,309.1,38,2.82,GM,1675532458
318,pontiac,42.6389,-83.2911,269.86,269.86,20,7.72,US,1675532458
319,akdepe,42.0551,59.3788,275.2,275.2,65,6.64,TM,1675532460
320,guerrero negro,27.9769,-114.0611,292.04,292.04,0,2.54,MX,1675532236
321,cristalina,-16.7686,-47.6136,300.24,300.24,94,0.1,BR,1675532226
322,karratha,-20.7377,116.8463,304.54,304.54,47,3.47,AU,1675532460
323,coron,11.9986,120.2043,297.51,297.51,98,0.94,PH,1675532392
324,carutapera,-1.195,-46.02,300.71,300.71,70,4.63,BR,1675532461
325,svetlaya,46.5389,138.3297,260.26,260.26,11,3.38,RU,1675532461
326,kirksville,40.1948,-92.5833,282.36,282.36,0,5.66,US,1675532356
327,oranjemund,-28.55,16.4333,291.52,291.52,6,4.54,NA,1675532421
328,moss point,30.4116,-88.5345,287.63,287.63,0,2.57,US,1675532467
329,itarema,-2.9248,-39.9167,302.31,302.31,60,6.32,BR,1675532470
330,ponta do sol,32.6667,-17.1,291.32,291.32,38,3.44,PT,1675532297
331,liverpool,53.4106,-2.9779,283.99,283.99,75,3.09,GB,1675532294
332,kharp,66.8014,65.8081,262.05,262.05,100,3.23,RU,1675532476
333,yerbogachen,61.2767,108.0108,251.83,251.83,99,0.91,RU,1675532292
334,naze,28.3667,129.4833,285.66,285.66,100,4.54,JP,1675532479
335,hobyo,5.3505,48.5268,297.5,297.5,60,8.35,SO,1675532480
336,tikapur,28.5,81.1333,287.13,287.13,0,1.27,NP,1675532482
337,half moon bay,37.4636,-122.4286,286.67,286.67,100,2.57,US,1675532484
338,walvis bay,-22.9575,14.5053,292.64,292.64,91,4.92,NA,1675532485
339,pisco,-13.7,-76.2167,296.18,296.18,75,4.12,PE,1675532486
340,provideniya,64.3833,-173.3,252.51,252.51,91,5.04,RU,1675532488
341,icatu,-2.7758,-44.0658,300.39,300.39,85,4.65,BR,1675532490
342,oberwart,47.2897,16.206,275.31,275.31,5,7.36,AT,1675532491
343,belmonte,-15.8631,-38.8828,302.38,302.38,29,5.62,BR,1675532495
344,langen,49.9933,8.6728,281.1,281.1,75,3.09,DE,1675532495
345,mouila,-1.8685,11.0559,298.04,298.04,61,1.29,GA,1675532496
346,sorong,-0.8833,131.25,297.54,297.54,100,2.68,ID,1675532430
347,safford,32.834,-109.7076,288.77,288.77,0,4.63,US,1675532496
348,dungarpur,23.8333,73.7167,293.76,293.76,6,2.0,IN,1675532496
349,taoudenni,22.6783,-3.9836,292.08,292.08,100,6.14,ML,1675532497
350,gwanda,-20.9333,29.0,295.93,295.93,81,5.32,ZW,1675532497
351,longyearbyen,78.2186,15.6401,261.06,261.06,20,6.69,SJ,1675532304
352,dolores,-36.3132,-57.6792,303.31,303.31,0,5.39,AR,1675532277
353,wyndham,37.6985,-77.6125,274.29,274.29,0,3.09,US,1675532498
354,mkushi,-13.6202,29.3939,291.62,291.62,89,1.78,ZM,1675532498
355,lorengau,-2.0226,147.2712,300.05,300.05,100,1.14,PG,1675532286
356,shubarshi,48.5872,57.1869,261.22,261.22,99,4.96,KZ,1675532498
357,biograd na moru,43.9433,15.4519,281.54,281.54,17,17.15,HR,1675532276
358,surt,31.2089,16.5887,287.9,287.9,67,3.81,LY,1675532499
359,blind river,46.1834,-82.9582,267.21,267.21,100,7.23,CA,1675532499
360,isangel,-19.55,169.2667,300.26,300.26,98,4.53,VU,1675532246
361,puerto madryn,-42.7692,-65.0385,303.76,303.76,0,6.36,AR,1675532465
362,kerouane,9.2667,-9.0167,306.46,306.46,7,1.81,GN,1675532500
363,batemans bay,-35.7167,150.1833,285.32,285.32,0,2.15,AU,1675532500
364,hamilton,39.1834,-84.5333,277.4,277.4,0,6.69,US,1675532500
365,mutis,6.2262,-77.4044,301.42,301.42,81,3.14,CO,1675532501
366,palmer,42.1584,-72.3287,261.27,261.27,20,3.6,US,1675532501
367,huarmey,-10.0681,-78.1522,297.68,297.68,80,3.73,PE,1675532232
368,gimli,50.6336,-96.9907,258.16,258.16,100,2.57,CA,1675532502
369,ribeira grande,38.5167,-28.7,290.37,290.37,75,4.12,PT,1675532502
370,altay,47.8667,88.1167,264.95,264.95,64,2.25,CN,1675532502
371,bagotville,-28.9833,153.4167,296.96,296.96,100,3.0,AU,1675532503
372,mokhsogollokh,61.4681,128.9203,242.03,242.03,99,1.53,RU,1675532503
373,karasjok,69.4719,25.5112,269.27,269.27,98,4.72,NO,1675532503
374,qianjiang,30.4151,112.8859,281.23,281.23,100,1.03,CN,1675532504
375,pevek,69.7008,170.3133,235.78,235.78,79,2.03,RU,1675532504
376,kaduqli,11.0167,29.7167,298.6,298.6,82,3.47,SD,1675532505
377,vryburg,-26.9566,24.7284,299.81,299.81,73,2.12,ZA,1675532506
378,hirara,24.8,125.2833,293.62,293.62,90,7.04,JP,1675532250
379,kenai,60.5544,-151.2583,268.79,268.79,100,3.09,US,1675532370
380,ust-omchug,61.15,149.6333,236.76,236.76,99,1.05,RU,1675532506
381,brownsville,25.9018,-97.4975,294.24,294.24,0,2.57,US,1675532507
382,norrtalje,59.758,18.705,268.72,268.72,16,1.31,SE,1675532507
383,meulaboh,4.1363,96.1285,296.77,296.77,100,1.36,ID,1675532507
384,marsaxlokk,35.8419,14.5431,285.49,285.49,20,6.69,MT,1675532508
385,azul,-36.777,-59.8585,301.45,301.45,0,2.74,AR,1675532508
386,grand gaube,-20.0064,57.6608,300.03,300.03,76,1.34,MU,1675532508
387,harper,4.375,-7.7169,301.22,301.22,35,4.81,LR,1675532335
388,los aquijes,-14.0967,-75.6908,304.55,304.55,86,4.74,PE,1675532509
389,kosh-agach,50.0,88.6667,253.26,253.26,82,1.23,RU,1675532509
390,hun,29.1268,15.9477,287.36,287.36,72,5.3,LY,1675532510
391,vila do maio,15.1333,-23.2167,296.59,296.59,86,7.28,CV,1675532510
392,tyazhinskiy,56.116,88.524,253.02,253.02,89,1.28,RU,1675532510
393,gallup,35.5281,-108.7426,277.6,277.6,0,0.45,US,1675532262
394,mulatupo,8.9492,-77.7652,300.4,300.4,55,5.87,PA,1675532511
395,vilanova del cami,41.5717,1.6375,289.0,289.0,0,3.48,ES,1675532511
396,taltal,-25.4,-70.4833,295.49,295.49,14,2.17,CL,1675532512
397,ulladulla,-35.35,150.4667,286.61,286.61,0,2.42,AU,1675532512
398,auki,-8.7676,160.7034,299.28,299.28,98,2.01,SB,1675532335
399,wuwei,37.9281,102.6414,271.65,271.65,75,2.02,CN,1675532513
400,biharkeresztes,47.1333,21.7167,272.38,272.38,0,10.29,HU,1675532513
401,spirit river,55.7833,-118.8361,267.39,267.39,99,0.81,CA,1675532513
402,birao,10.2849,22.7882,299.06,299.06,57,2.84,CF,1675532514
403,villazon,-22.0866,-65.5942,280.43,280.43,100,2.83,BO,1675532514
404,kaeo,-35.1,173.7833,293.33,293.33,84,2.18,NZ,1675532312
405,mount isa,-20.7333,139.5,294.02,294.02,16,4.12,AU,1675532467
406,okhotsk,59.3833,143.3,246.53,246.53,44,4.63,RU,1675532515
407,jacksonville,30.3322,-81.6556,291.53,291.53,75,8.75,US,1675532485
408,atar,20.5169,-13.0499,296.98,296.98,93,5.1,MR,1675532515
409,praia da vitoria,38.7333,-27.0667,290.29,290.29,75,5.31,PT,1675532515
410,afaahiti,-17.75,-149.2833,300.08,300.08,84,6.75,PF,1675532516
411,kasempa,-13.4584,25.8338,292.26,292.26,100,2.1,ZM,1675532516
412,marawi,7.9986,124.2928,292.82,292.82,100,0.73,PH,1675532358
413,isla mujeres,21.2311,-86.731,295.18,295.18,24,7.58,MX,1675532516
414,japura,-0.3167,102.35,296.46,296.46,100,1.07,ID,1675532517
415,pandan,14.0453,124.1694,297.82,297.82,87,5.45,PH,1675532517
416,shenjiamen,29.9576,122.298,281.82,281.82,100,3.39,CN,1675532517
417,mercedes,-34.6515,-59.4307,301.45,301.45,0,4.76,AR,1675532400
418,ambanja,-13.6833,48.45,298.01,298.01,97,0.8,MG,1675532518
419,madimba,-10.4,40.3333,297.77,297.77,75,5.14,TZ,1675532518
420,kosino,58.4127,51.2782,259.89,259.89,100,1.13,RU,1675532518
421,suileng,47.25,127.0833,256.55,256.55,100,1.47,CN,1675532519
422,gat,31.61,34.7642,285.59,285.59,19,2.9,IL,1675532519
423,albertville,34.2676,-86.2089,281.73,281.73,0,3.09,US,1675532385
424,vila velha,-20.3297,-40.2925,306.12,306.12,20,7.72,BR,1675532519
425,sorland,67.667,12.6934,276.07,276.07,100,16.66,NO,1675532520
426,mount gambier,-37.8333,140.7667,286.66,286.66,69,1.54,AU,1675532270
427,vikindu,-7.0067,39.2985,300.95,300.95,20,4.12,TZ,1675532520
428,freeport,40.6576,-73.5832,266.16,266.16,0,4.92,US,1675532489
429,opuwo,-18.0607,13.84,299.06,299.06,89,3.96,NA,1675532253
430,pacific grove,36.6177,-121.9166,286.86,286.86,100,1.34,US,1675532367
431,broken hill,-31.95,141.4333,289.98,289.98,0,4.98,AU,1675532521
432,manta,-0.95,-80.7333,301.03,301.03,75,2.57,EC,1675532521
433,moa,20.6569,-74.9403,301.03,301.03,5,4.24,CU,1675532522
434,manitouwadge,49.1215,-85.8403,266.23,266.23,99,4.92,CA,1675532525
435,antequera,37.0194,-4.5612,284.23,284.23,0,0.84,ES,1675532529
436,athabasca,54.7169,-113.2854,274.38,274.38,100,0.84,CA,1675532532
437,esna,25.2934,32.554,289.16,289.16,59,3.54,EG,1675532537
438,touros,-5.1989,-35.4608,302.45,302.45,100,6.69,BR,1675532493
439,shingu,33.7333,135.9833,276.38,276.38,11,3.11,JP,1675532539
440,san andres,12.5847,-81.7006,300.16,300.16,40,4.12,CO,1675532408
441,novikovo,51.1537,37.8879,269.97,269.97,97,3.34,RU,1675532542
442,agara,42.0376,43.8238,273.41,273.41,100,1.62,GE,1675532547
443,muriwai beach,-36.8167,174.45,292.83,292.83,60,2.54,NZ,1675532549
444,green river,41.5286,-109.4662,271.59,271.59,22,1.38,US,1675532553
445,talas,38.6908,35.5538,271.52,271.52,75,1.03,TR,1675532555
446,ostrovnoy,68.0531,39.5131,264.63,264.63,99,4.11,RU,1675532556
447,bathsheba,13.2167,-59.5167,302.49,302.49,40,10.29,BB,1675532556
448,dalvik,65.9702,-18.5286,274.11,274.11,38,8.44,IS,1675532556
449,atambua,-9.1061,124.8925,295.92,295.92,100,1.41,ID,1675532557
450,bandarbeyla,9.4942,50.8122,297.53,297.53,85,7.21,SO,1675532361
451,novska,45.3406,16.9769,274.26,274.26,5,5.78,HR,1675532557
452,lodja,-3.4833,23.4333,295.03,295.03,97,1.55,CD,1675532361
453,hualmay,-11.0964,-77.6139,298.44,298.44,70,3.95,PE,1675532333
454,verkhnevilyuysk,63.4453,120.3167,236.79,236.79,100,1.73,RU,1675532558
455,ukiah,39.1502,-123.2078,285.46,285.46,100,2.31,US,1675532558
456,college,64.8569,-147.8028,260.12,260.12,75,3.09,US,1675532553
457,kandi,11.1342,2.9386,305.68,305.68,50,2.37,BJ,1675532559
458,baykit,61.67,96.37,255.83,255.83,100,1.01,RU,1675532559
459,ejido,8.5514,-71.2375,300.43,300.43,71,3.14,VE,1675532559
460,sobolevo,54.4299,31.8996,267.31,267.31,99,4.59,RU,1675532560
461,roald,62.5833,6.1333,279.23,279.23,75,5.66,NO,1675532560
462,bacolod,10.6667,122.95,297.99,297.99,100,5.33,PH,1675532560
463,cabo san lucas,22.8909,-109.9124,299.05,299.05,20,1.54,MX,1675532561
464,wajir,1.7471,40.0573,306.13,306.13,20,0.0,KE,1675532561
465,nabire,-3.3667,135.4833,297.0,297.0,100,0.64,ID,1675532561
466,pachora,20.6667,75.35,295.3,295.3,0,2.51,IN,1675532562
467,kapit,2.0167,112.9333,295.37,295.37,100,0.32,MY,1675532418
468,alofi,-19.0595,-169.9187,298.09,298.09,100,1.54,NU,1675532562
469,tacuarembo,-31.7333,-55.9833,302.37,302.37,0,6.88,UY,1675532562
470,kalangala,-0.3089,32.225,296.79,296.79,76,2.18,UG,1675532563
471,novyy urengoy,66.0833,76.6333,259.5,259.5,100,2.79,RU,1675532429
472,vila franca do campo,37.7167,-25.4333,290.38,290.38,54,2.68,PT,1675532405
473,narsaq,60.9167,-46.05,271.27,271.27,100,4.54,GL,1675532563
474,saint anthony,45.0205,-93.218,268.52,268.52,100,3.6,US,1675532377
475,san patricio,28.017,-97.5169,290.46,290.46,10,3.46,US,1675532406
476,fukue,32.6881,128.8419,281.37,281.37,44,4.53,JP,1675532564
477,nampula,-15.1165,39.2666,301.12,301.12,20,2.06,MZ,1675532564
478,mata,40.683,-7.4592,282.46,282.46,0,2.2,PT,1675532564
479,salvador,13.8333,-88.9167,302.37,302.37,16,3.09,SV,1675532456
480,dunmore town,25.5,-76.65,296.14,296.14,58,9.68,BS,1675532565
481,zhangjiakou,40.81,114.8794,267.74,267.74,0,0.39,CN,1675532565
482,kinsale,51.7075,-8.5306,280.8,280.8,75,6.69,IE,1675532566
483,fort frances,48.5999,-93.4003,259.27,259.27,75,0.0,CA,1675532566
484,grand-santi,4.25,-54.3833,299.38,299.38,82,1.94,GF,1675532566
485,concepcion,-36.827,-73.0498,291.04,291.04,100,4.63,CL,1675532567
486,pingliang,35.5392,106.6861,273.63,273.63,81,1.54,CN,1675532567
487,morondava,-20.2833,44.2833,300.93,300.93,0,5.07,MG,1675532567
488,fare,-16.7,-151.0167,300.49,300.49,73,7.19,PF,1675532568
489,ekuvukeni,-28.4675,30.1551,292.17,292.17,10,3.43,ZA,1675532568
490,rawson,-43.3002,-65.1023,306.78,306.78,5,3.5,AR,1675532568
491,mataro,41.5421,2.4445,290.75,290.75,2,0.93,ES,1675532569
492,takoradi,4.8845,-1.7554,301.01,301.01,72,5.43,GH,1675532569
493,muroto,33.2833,134.15,281.75,281.75,46,2.69,JP,1675532411
494,mtinko,-4.55,34.85,288.44,288.44,88,2.26,TZ,1675532569
495,solwezi,-12.1688,26.3894,290.72,290.72,97,3.6,ZM,1675532570
496,totness,5.8833,-56.3167,299.73,299.73,33,5.95,SR,1675532570
497,rypefjord,70.6333,23.6667,274.41,274.41,75,1.03,NO,1675532570
498,ngunguru,-35.6167,174.5,292.11,292.11,85,3.43,NZ,1675532571
499,skovorodino,53.9833,123.9167,243.6,243.6,98,0.57,RU,1675532571
500,namatanai,-3.6667,152.4333,298.78,298.78,100,2.2,PG,1675532571
501,cadereyta,25.5833,-99.9833,286.58,286.58,0,4.0,MX,1675532572
502,mayo,38.8876,-76.5119,272.15,272.15,0,4.63,US,1675532430
503,sandwick,60.0,-1.25,280.05,280.05,100,9.77,GB,1675532572
504,molina,-35.1167,-71.2833,302.0,302.0,0,2.06,CL,1675532573
505,rorvik,64.8621,11.2373,273.21,273.21,100,6.17,NO,1675532573
506,caravelas,-17.7125,-39.2481,303.51,303.51,3,5.75,BR,1675532362
507,havoysund,70.9963,24.6622,271.28,271.28,95,3.9,NO,1675532573
508,chake chake,-5.2459,39.7666,299.62,299.62,97,3.88,TZ,1675532574
509,nara,34.6851,135.8049,277.31,277.31,22,0.98,JP,1675532574
510,innisfail,-17.5333,146.0333,297.64,297.64,100,2.07,AU,1675532574
511,kot kapura,30.5833,74.9,286.62,286.62,0,2.0,IN,1675532575
512,nanjing,32.0617,118.7778,277.1,277.1,100,3.7,CN,1675532409
513,vereshchagino,58.0789,54.6557,261.89,261.89,100,0.89,RU,1675532575
514,boende,-0.2167,20.8667,302.28,302.28,100,0.6,CD,1675532576
515,magistralnyy,56.1725,107.4458,258.95,258.95,100,1.21,RU,1675532576
516,mersing,2.4312,103.8405,299.1,299.1,40,5.14,MY,1675532576
517,resistencia,-27.4606,-58.9839,306.18,306.18,40,3.6,AR,1675532464
518,xining,36.6167,101.7667,271.08,271.08,23,0.92,CN,1675532319
519,puerto ayacucho,5.6639,-67.6236,308.79,308.79,29,0.98,VE,1675532577
520,samarai,-10.6167,150.6667,300.32,300.32,100,3.39,PG,1675532392
521,san jose,37.3394,-121.895,286.96,286.96,75,3.6,US,1675532374
522,ahipara,-35.1667,173.1667,292.2,292.2,96,3.08,NZ,1675532577
523,waddan,29.1614,16.139,287.21,287.21,77,5.52,LY,1675532577
524,vestmanna,62.1564,-7.1664,276.66,276.66,100,11.83,FO,1675532566
525,puerto leguizamo,-0.1934,-74.7819,305.13,305.13,91,1.62,CO,1675532403
526,namtsy,62.7161,129.6658,240.35,240.35,100,0.94,RU,1675532578
527,san rafael del sur,11.8485,-86.4384,302.69,302.69,30,8.59,NI,1675532578
528,bansud,12.865,121.4564,296.76,296.76,93,4.54,PH,1675532579
529,sharjah,25.3573,55.4033,294.14,294.14,0,3.09,AE,1675532379
530,atasu,48.6814,71.6433,263.47,263.47,96,2.71,KZ,1675532579
531,veraval,20.9,70.3667,294.58,294.58,9,1.51,IN,1675532304
532,ahuimanu,21.4447,-157.8378,295.67,295.67,100,1.34,US,1675532580
533,elko,41.0002,-115.5012,267.39,267.39,75,2.24,US,1675532580
534,akhmim,26.5622,31.745,288.26,288.26,64,2.5,EG,1675532580
535,stykkisholmur,65.0757,-22.7297,273.73,273.73,83,10.55,IS,1675532581
536,saint-francois,46.4154,3.9054,280.84,280.84,75,3.6,FR,1675532581
537,hay river,60.8156,-115.7999,252.14,252.14,75,2.57,CA,1675532300
538,kigorobya,1.6162,31.3089,298.12,298.12,73,0.58,UG,1675532581
539,lahij,13.1667,44.5833,294.78,294.78,74,2.02,YE,1675532583
540,weihe,32.9952,105.3247,277.45,277.45,96,1.1,CN,1675532584
541,killam,52.7834,-111.8518,271.12,271.12,100,1.54,CA,1675532586
542,kirakira,-10.4544,161.9205,299.37,299.37,88,2.19,SB,1675532587
543,latung,5.5,120.8833,299.95,299.95,93,2.1,PH,1675532591
544,gazli,40.1333,63.45,278.1,278.1,46,1.72,UZ,1675532592
545,arang,21.2,81.9667,293.33,293.33,38,2.03,IN,1675532595
546,yar-sale,66.8333,70.8333,261.69,261.69,100,2.34,RU,1675532596
547,aykhal,66.0,111.5,236.92,236.92,100,1.07,RU,1675532600
548,hajnowka,52.7433,23.5812,270.26,270.26,100,5.18,PL,1675532603
549,tecoanapa,16.5167,-98.75,301.84,301.84,0,3.99,MX,1675532605
550,jalalabad,34.4265,70.4515,285.53,285.53,32,2.62,AF,1675532606
551,sao felix do xingu,-6.6447,-51.995,302.68,302.68,91,0.22,BR,1675532609
552,port-cartier,50.0334,-66.8654,253.57,253.57,99,10.14,CA,1675532613
553,blackwater,-23.5833,148.8833,298.41,298.41,95,2.86,AU,1675532614
554,charters towers,-20.1,146.2667,297.23,297.23,100,3.37,AU,1675532614
555,scottsbluff,41.8666,-103.6672,279.77,279.77,0,6.26,US,1675532615
556,sakit,27.45,78.8167,288.43,288.43,0,3.69,IN,1675532615
557,bilma,18.6853,12.9164,298.71,298.71,82,2.72,NE,1675532615
558,fayaoue,-20.65,166.5333,301.23,301.23,59,9.65,NC,1675532616
559,kalispell,48.1958,-114.3129,277.87,277.87,75,4.12,US,1675532352
560,korla,41.7597,86.1469,269.83,269.83,70,1.81,CN,1675532616
561,costa rica,-23.4167,-54.65,302.08,302.08,58,3.5,BR,1675532617
562,bozdar,27.1828,68.636,295.3,295.3,1,2.43,PK,1675532617
563,abnub,27.2696,31.1511,289.27,289.27,71,3.04,EG,1675532617
564,campbeltown,55.4258,-5.6076,280.34,280.34,84,9.53,GB,1675532618
565,davidson,36.1501,-86.7833,282.32,282.32,75,4.92,US,1675532618
566,mayumba,-3.432,10.6554,298.66,298.66,98,2.47,GA,1675532618
567,tabas,33.5959,56.9244,281.27,281.27,27,1.03,IR,1675532619
568,shitanjing,39.2342,106.3439,270.76,270.76,75,2.29,CN,1675532619
569,lajedo,-8.6636,-36.32,304.12,304.12,50,6.93,BR,1675532619
570,mahibadhoo,3.7833,72.9667,299.75,299.75,82,2.89,MV,1675532620
571,lerwick,60.1545,-1.1494,280.15,280.15,100,11.2,GB,1675532620
572,skibbereen,51.55,-9.2667,282.65,282.65,100,4.94,IE,1675532620
573,tari,12.4086,4.4914,304.27,304.27,80,3.93,NG,1675532621
574,springfield,37.2153,-93.2982,280.5,280.5,0,6.69,US,1675532580
575,safranbolu,41.2508,32.6942,273.75,273.75,100,1.03,TR,1675532621
576,morros,-9.4467,-46.3003,302.79,302.79,84,1.67,BR,1675532621
577,severnoye,56.3491,78.3619,254.73,254.73,96,0.75,RU,1675532622
578,azare,11.6765,10.1948,301.28,301.28,73,4.36,NG,1675532622
579,tautira,-17.7333,-149.15,299.97,299.97,70,6.56,PF,1675532622
580,homer,59.6425,-151.5483,269.08,269.08,0,0.0,US,1675532623
581,haverfordwest,51.8017,-4.9691,282.91,282.91,100,4.55,GB,1675532623
582,austin,30.2672,-97.7431,288.07,288.07,36,3.13,US,1675532574
